pub_id,field_id
W2184957013,C124101348
W2184957013,C2987255567
W2953356739,C2987255567
W2792839191,C2987255567
W2913560138,C124101348
W2913560138,C2987255567
W3035017890,C2987255567
W2499696929,C2987255567
W3129482887,C124101348
W3129482887,C2987255567
W2912351665,C2987255567
W2807873315,C2987255567
W2983995706,C2987255567
W2741750617,C124101348
W2741750617,C2987255567
W2514852614,C2987255567
W2889583850,C2987255567
W4312044727,C2987255567
W2963485453,C2987255567
W2526174222,C2987255567
W2572179331,C2987255567
W2919278763,C2987255567
W4401754921,C2987255567
W4381679608,C2987255567
W4229024390,C2987255567
W2912664727,C2987255567
W3134371412,C2987255567
W2945302307,C2987255567
W4386275705,C2987255567
W3001896264,C2987255567
W2970921796,C2987255567
W3211888892,C2987255567
W3114916066,C2987255567
W2962869320,C2987255567
W2571811098,C2987255567
W2788798739,C2987255567
W2524949478,C2987255567
W3003507729,C2987255567
W4382239895,C2987255567
W2986176093,C2987255567
W3014406063,C2987255567
W2907510403,C2987255567
W2172684358,C2987255567
W3156850293,C2987255567
W3187454871,C2987255567
W4224317449,C2987255567
W4285600519,C2987255567
W3191802839,C2987255567
W4386076360,C2987255567
W2336384382,C2987255567
W3035191547,C2987255567
W3034569646,C2987255567
W3035442578,C2987255567
W3075591326,C2987255567
W2963157366,C2987255567
W3080152140,C2987255567
W3029587262,C2987255567
W4400612817,C137293760
W4400612817,C2987255567
W2558476738,C2987255567
W2890216969,C2987255567
W3164032516,C2987255567
W3035336738,C2987255567
W3215452784,C2987255567
W2487925454,C2987255567
W2901934569,C2987255567
W3036397942,C2987255567
W3104007871,C2987255567
W2482023025,C2987255567
W3174048174,C2987255567
W4287252285,C2987255567
W4290927794,C2987255567
W4285261975,C2987255567
W4321480047,C2987255567
W2004858782,C2987255567
W2577076988,C2987255567
W2971142670,C2987255567
W4221021831,C2987255567
W4402716098,C2987255567
W2964262329,C2987255567
W3156351347,C2987255567
W4403791927,C137293760
W4403791927,C2987255567
W3106176046,C2987255567
W3093200502,C2987255567
W4206136286,C2987255567
W2891649471,C2987255567
W2776054229,C2987255567
W4414290389,C2987255567
W3012584427,C2987255567
W4379382656,C2987255567
W3035566692,C2987255567
W4224309032,C2987255567
W2966459188,C2987255567
W4207076851,C2987255567
W2912137501,C2987255567
W4393260925,C2987255567
W3101786725,C2987255567
W4391681328,C2987255567
W2963276152,C2987255567
W4284687473,C2987255567
W2579831760,C2987255567
W4221157571,C2987255567
W4225632115,C2987255567
W4226361124,C2987255567
W4387789903,C137293760
W4387789903,C2987255567
W3154815051,C2987255567
W3100187427,C2987255567
W3166051255,C2987255567
W4385270408,C2987255567
W1509849758,C2987255567
W4386811014,C2987255567
W4385574107,C2987255567
W4388776291,C2987255567
W3209080096,C2987255567
W4328127395,C2987255567
W3211468413,C2987255567
W4409379779,C137293760
W4409379779,C2987255567
W3202473058,C2987255567
W4390146402,C2987255567
W4367047490,C2987255567
W2942231519,C2987255567
W4284672936,C2987255567
W4285606599,C2987255567
W4396982395,C2987255567
W3197381498,C2987255567
W3202082017,C2987255567
W4224131719,C2987255567
W4319795207,C2987255567
W4322736931,C2987255567
W4402671243,C137293760
W4402671243,C2987255567
W4393154896,C2987255567
W4383890187,C2987255567
W4379108576,C2987255567
W4385482714,C2987255567
W4380344018,C2987255567
W4390532736,C2987255567
W4407165300,C2987255567
W4404562698,C2987255567
W4366331080,C2987255567
W4403680948,C2987255567
W4400525003,C2987255567
W4408507944,C2987255567
W4409209969,C2987255567
W4410683950,C2987255567
W4416612650,C2987255567
W4405740227,C2987255567
W4400486570,C2987255567
W4412956629,C2987255567
W4416961238,C2987255567
W4401863536,C2987255567
W4412944954,C2987255567
W7133964346,C2987255567
W2965653989,C2987255567
W2294078178,C2987255567
W2941274872,C2987255567
W2994717084,C2987255567
W2808652502,C2987255567
W2604791493,C2987255567
W2131753116,C2987255567
W2039281672,C2987255567
W2970485665,C2987255567
W2566820872,C2987255567
W2767692092,C2987255567
W3210317057,C2987255567
W2522332826,C2987255567
W2596775847,C2987255567
W2934677901,C2987255567
W3166938950,C2987255567
W2985576648,C2987255567
W2251182116,C2987255567
W2908826119,C2987255567
W2996678664,C2987255567
W3022382967,C2987255567
W3090716330,C2987255567
W3217374296,C2987255567
W4210914368,C2987255567
W4230454915,C2987255567
W1608376207,C2987255567
W2604197414,C2987255567
W2889870114,C2987255567
W3010644598,C2987255567
W3173937547,C2987255567
W3189907793,C2987255567
W2985165384,C2987255567
W3180352486,C2987255567
W3188599330,C2987255567
W3012409376,C2987255567
W4304142382,C2987255567
W4367047402,C2987255567
W2890711249,C2987255567
W3115091907,C2987255567
W3125333348,C2987255567
W4372259959,C2987255567
W4379206827,C2987255567
W4385573097,C2987255567
W3168743030,C2987255567
W3174738170,C2987255567
W3193273225,C2987255567
W3197754599,C2987255567
W3160260982,C2987255567
W3213525309,C2987255567
W4320507215,C2987255567
W2960538829,C2987255567
W3037266902,C2987255567
W3209967235,C2987255567
W3152893301,C108583219
W2664267452,C124101348
W2664267452,C108583219
W4321232185,C108583219
W2764034829,C108583219
W2774644650,C108583219
W2799058067,C108583219
W2887280559,C108583219
W2962851801,C108583219
W2560722161,C108583219
W3003821665,C108583219
W2964233199,C108583219
W2331143823,C108583219
W3111535274,C124101348
W3111535274,C108583219
W2962721361,C108583219
W3011667710,C108583219
W2967515867,C108583219
W2572939427,C108583219
W1616262590,C108583219
W2410591237,C108583219
W2962778872,C108583219
W2795758732,C108583219
W1910776219,C108583219
W2887695188,C108583219
W3035725276,C108583219
W2903282641,C108583219
W1934184906,C108583219
W2808168148,C108583219
W3198659451,C124101348
W3198659451,C108583219
W4386076222,C108583219
W3006005697,C108583219
W2981873476,C108583219
W3007170347,C108583219
W3034303554,C108583219
W2804032941,C108583219
W4391092744,C108583219
W3044192339,C108583219
W2242161203,C108583219
W2963158438,C108583219
W2964052347,C108583219
W2963993763,C108583219
W2964304299,C108583219
W2783538964,C108583219
W2123229215,C108583219
W2344786740,C108583219
W3036446966,C108583219
W3204647170,C124101348
W3204647170,C108583219
W2964449965,C108583219
W4312270234,C108583219
W2695874637,C124101348
W2695874637,C108583219
W2964280870,C108583219
W2533696134,C124101348
W2533696134,C108583219
W3009650506,C108583219
W2567079332,C108583219
W2975495759,C108583219
W3036363354,C124101348
W3036363354,C108583219
W2595984151,C124101348
W2595984151,C108583219
W2889945482,C108583219
W2405933695,C108583219
W2754361766,C108583219
W2997532515,C108583219
W2892077605,C108583219
W2548570154,C124101348
W2548570154,C108583219
W3123899295,C108583219
W2160306971,C108583219
W2751538714,C108583219
W4297243391,C137293760
W4297243391,C108583219
W2789367970,C108583219
W2789713147,C108583219
W3138340468,C108583219
W2896827527,C108583219
W3176327543,C108583219
W2963813458,C108583219
W2963889719,C108583219
W3164440025,C108583219
W2962903125,C108583219
W2756050327,C108583219
W2963169753,C108583219
W2498017881,C108583219
W4290876361,C108583219
W2768975186,C108583219
W3034185248,C108583219
W2998376881,C108583219
W2962897020,C108583219
W1956333070,C108583219
W3035693354,C108583219
W4226042837,C108583219
W2798149494,C124101348
W2798149494,C108583219
W2984618279,C108583219
W4353056919,C108583219
W2147347517,C108583219
W2950817888,C124101348
W2950817888,C108583219
W2974140502,C108583219
W2295537950,C108583219
W2766042539,C108583219
W2809583854,C108583219
W2085862958,C124101348
W2085862958,C108583219
W3021182036,C108583219
W3158304688,C124101348
W3158304688,C108583219
W2955084925,C108583219
W3185377372,C108583219
W2900237898,C108583219
W4226456028,C108583219
W2749008552,C124101348
W2749008552,C108583219
W2800388963,C108583219
W2559785631,C108583219
W3004946360,C124101348
W3004946360,C108583219
W2892816441,C108583219
W2343061342,C108583219
W3006334803,C124101348
W3006334803,C108583219
W2796942168,C108583219
W3093394156,C108583219
W2559324447,C108583219
W3006871679,C108583219
W2983902176,C108583219
W2755012395,C108583219
W3091940685,C108583219
W3039075121,C124101348
W3039075121,C108583219
W2533328922,C108583219
W2964121960,C108583219
W4295808856,C108583219
W2964186374,C108583219
W2903917280,C108583219
W2999146029,C108583219
W2161565164,C108583219
W4366352735,C108583219
W2893230400,C124101348
W2893230400,C108583219
W3172614365,C124101348
W3172614365,C108583219
W2810392541,C108583219
W2339172597,C108583219
W2798644314,C108583219
W2313513770,C108583219
W2963030525,C108583219
W3015357052,C108583219
W3159301005,C108583219
W4229447215,C108583219
W2908497602,C108583219
W2963843052,C108583219
W4386736788,C108583219
W3081006013,C108583219
W2962741379,C108583219
W2972986629,C108583219
W2806031239,C108583219
W2989293933,C108583219
W2888557792,C108583219
W2791282053,C108583219
W2898716605,C108583219
W1777628566,C108583219
W2886944874,C108583219
W2989693433,C108583219
W1938425378,C108583219
W2417420127,C108583219
W2908671501,C108583219
W2758216428,C108583219
W2461086877,C108583219
W2894410771,C108583219
W2964266063,C108583219
W3001319253,C108583219
W2909516836,C124101348
W2909516836,C108583219
W2497173630,C108583219
W2050418754,C108583219
W2589747988,C108583219
W3083791730,C108583219
W2788997482,C124101348
W2788997482,C108583219
W4388639388,C108583219
W3096805028,C108583219
W2752037867,C108583219
W2945027804,C108583219
W2580506952,C108583219
W2745144057,C108583219
W1655956671,C108583219
W3042916480,C108583219
W2515753980,C108583219
W2004104731,C108583219
W2794081072,C108583219
W2746301562,C108583219
W4388834713,C108583219
W1900913856,C108583219
W2889165715,C108583219
W2734369741,C108583219
W2964027659,C108583219
W2479109623,C108583219
W2905526464,C108583219
W3034371424,C108583219
W3198062544,C108583219
W2549858646,C108583219
W2734024016,C108583219
W2960155470,C108583219
W2908954810,C108583219
W4389827562,C108583219
W2963016543,C108583219
W3080642298,C108583219
W3137613462,C108583219
W1034159276,C108583219
W2986519585,C108583219
W2963771536,C108583219
W2997353220,C108583219
W2729145866,C108583219
W3030380536,C108583219
W3014146531,C108583219
W1985242443,C108583219
W2132791018,C124101348
W1997201895,C124101348
W2159128662,C124101348
W2393319904,C124101348
W2982220924,C124101348
W2055873761,C124101348
W2892880750,C124101348
W2950361482,C124101348
W1964641132,C124101348
W2047670868,C124101348
W2786918196,C124101348
W2119191234,C124101348
W2342603028,C124101348
W2962975498,C124101348
W2147953360,C124101348
W2593539516,C124101348
W2114309015,C124101348
W4284885053,C124101348
W4312804044,C124101348
W2963507231,C124101348
W4393936599,C124101348
W2195506630,C124101348
W2963919031,C124101348
W861925310,C124101348
W2128873747,C124101348
W2117486996,C124101348
W2419559816,C124101348
W2515462165,C124101348
W2164104048,C124101348
W3010537688,C124101348
W1979432452,C124101348
W2300061772,C124101348
W4312312588,C124101348
W935072310,C124101348
W2926010705,C124101348
W182707955,C124101348
W3134482219,C124101348
W2334483166,C124101348
W2103706175,C124101348
W1971402834,C124101348
W2753953057,C124101348
W2021560851,C124101348
W2160979370,C124101348
W1982675899,C124101348
W2145039203,C124101348
W2785362611,C124101348
W2556013418,C124101348
W2052982604,C124101348
W1969198379,C124101348
W3200733355,C124101348
W4220842087,C124101348
W1976258951,C124101348
W2951837249,C124101348
W2095483845,C124101348
W2259538443,C124101348
W2965838158,C124101348
W2113273124,C124101348
W3116202926,C124101348
W2108898839,C124101348
W1979061792,C124101348
W4312473433,C124101348
W2132949918,C124101348
W2203543769,C124101348
W2788376297,C124101348
W3016208458,C124101348
W2592774827,C124101348
W7682646,C124101348
W2127414816,C124101348
W2963777632,C124101348
W2062112832,C124101348
W1963489908,C124101348
W1546111015,C124101348
W1986849266,C124101348
W2626972740,C124101348
W2802187397,C124101348
W1426956448,C124101348
W2401246392,C124101348
W2532521045,C124101348
W2808904300,C124101348
W1655403841,C124101348
W2063149790,C124101348
W1922199343,C124101348
W2061922307,C124101348
W2140321362,C124101348
W2778363563,C124101348
W3168112135,C124101348
W2072055974,C124101348
W2952179106,C124101348
W1989944970,C124101348
W2008602421,C124101348
W2020089616,C124101348
W2963213486,C124101348
W2808535700,C124101348
W2291593693,C124101348
W2056748234,C124101348
W4391307079,C124101348
W3034584726,C124101348
W2129291408,C124101348
W2039791408,C124101348
W2896784509,C124101348
W2513378248,C124101348
W2142720090,C124101348
W2948069880,C124101348
W3204875639,C124101348
W2313931749,C124101348
W2997365797,C124101348
W2086958058,C124101348
W1982397092,C124101348
W2022749020,C124101348
W3040685212,C124101348
W2026562765,C124101348
W2024820182,C124101348
W2149956719,C124101348
W1969150846,C124101348
W2977072935,C124101348
W3149255455,C124101348
W2227395312,C124101348
W2017846705,C124101348
W2804395012,C124101348
W3092879151,C124101348
W2588941434,C124101348
W2038681300,C124101348
W2163150789,C124101348
W2585226541,C124101348
W3178835722,C124101348
W3176187859,C124101348
W2517850251,C124101348
W2145773134,C124101348
W2056227828,C124101348
W4399430129,C124101348
W2962917547,C124101348
W2114538147,C124101348
W3210458411,C124101348
W3176694003,C124101348
W2059900053,C124101348
W2762294195,C124101348
W2947877009,C124101348
W421662763,C124101348
W2102999520,C124101348
W3170937175,C124101348
W2061798849,C124101348
W1860884375,C124101348
W4382655263,C124101348
W2019863495,C124101348
W3108202858,C124101348
W2000264668,C124101348
W2060093109,C124101348
W2587299461,C124101348
W3008497156,C124101348
W2889935068,C124101348
W2903799441,C124101348
W2227178360,C124101348
W2952522777,C124101348
W2051549110,C124101348
W2798355657,C124101348
W1971014006,C124101348
W2905471643,C124101348
W2068430427,C124101348
W3125675327,C124101348
W2096076988,C124101348
W2116737258,C124101348
W3120227884,C124101348
W2802925146,C124101348
W2337881469,C124101348
W2766402183,C124101348
W2915004230,C124101348
W2148145769,C124101348
W3096068180,C124101348
W2906305053,C124101348
W2950722229,C124101348
W3009901425,C124101348
W3194836374,C124101348
W4312183515,C124101348
W2614935527,C124101348
W2541577353,C124101348
W4390490761,C137293760
W4406800520,C137293760
W4401386967,C137293760
W4389518671,C137293760
W4389520455,C137293760
W4388922836,C137293760
W4402901320,C137293760
W4385570088,C137293760
W4404782209,C137293760
W4391590983,C137293760
W4409695426,C137293760
W4388708748,C137293760
W4386110374,C137293760
W4400606525,C137293760
W4389267014,C137293760
W4403753254,C137293760
W4394745858,C137293760
W4389524500,C137293760
W4389520468,C137293760
W4407881031,C137293760
W4406241919,C137293760
W4394862732,C137293760
W4392362609,C137293760
W4389523710,C137293760
W4402582321,C137293760
W4401042993,C137293760
W4402670791,C137293760
W4403220611,C137293760
W4404401018,C137293760
W4393578753,C137293760
W4366341968,C137293760
W4399442007,C137293760
W4385571189,C137293760
W4408411093,C137293760
W4402467765,C137293760
W4401857637,C137293760
W4391032878,C137293760
W4391225179,C137293760
W4403778769,C137293760
W4406828533,C137293760
W4389519982,C137293760
W4387848774,C137293760
W4388744821,C137293760
W4416296080,C137293760
W4404641323,C137293760
W4396877721,C137293760
W4392616472,C137293760
W4322766882,C137293760
W4395112660,C137293760
W4401065398,C137293760
W4390577395,C137293760
W4385848430,C137293760
W4402671897,C137293760
W4407953078,C137293760
W4403056940,C137293760
W4392543779,C137293760
W4402727124,C137293760
W4402169037,C137293760
W4403221502,C137293760
W4402671302,C137293760
W4385571050,C137293760
W4405367158,C137293760
W4393949386,C137293760
W4388975763,C137293760
W4366447635,C137293760
W4388212670,C137293760
W4392405493,C137293760
W4403582420,C137293760
W4389518895,C137293760
W4401515033,C137293760
W4385638369,C137293760
W4402684113,C137293760
W4400209938,C137293760
W4389519972,C137293760
W4409091111,C137293760
W4411735779,C137293760
W4402702988,C137293760
W4411900553,C137293760
W4409156407,C137293760
W4403007658,C137293760
W4392449489,C137293760
W4414008559,C137293760
W4392931626,C137293760
W4406829669,C137293760
W4404608635,C137293760
W4401042394,C137293760
W4400909566,C137293760
W4415070954,C137293760
W4400942383,C137293760
W4403929549,C137293760
W4404113537,C137293760
W4410964376,C137293760
W4402043038,C137293760
W4402667014,C137293760
W4396758737,C137293760
W4407194361,C137293760
W4402671152,C137293760
W4401352024,C137293760
W4406015426,C137293760
W4406324010,C137293760
W4402727134,C137293760
W4414065237,C137293760
W4400493343,C137293760
W4393147046,C137293760
W4389573032,C137293760
W4401043375,C137293760
W4403878024,C137293760
W4402671229,C137293760
W4401856679,C137293760
W4385572601,C137293760
W4404708476,C137293760
W4403600564,C137293760
W4417147545,C137293760
W4400528558,C137293760
W4392903596,C137293760
W4385573069,C137293760
W4402897562,C137293760
W4409365576,C137293760
W4402671841,C137293760
W4405022259,C137293760
W4391596770,C137293760
W4406087634,C137293760
W4414563742,C137293760
W4403220991,C137293760
W4403982217,C137293760
W4411665971,C137293760
W4389519799,C137293760
W4400216594,C137293760
W4405500989,C137293760
W4397003497,C137293760
W4396723563,C137293760
W4404536559,C137293760
W4405783533,C137293760
W4393114551,C137293760
W4407951437,C137293760
W4393156546,C137293760
W4392156151,C137293760
W4399864536,C137293760
W4385572068,C137293760
W4406874718,C137293760
W4389524263,C137293760
W4403606691,C137293760
W4389524162,C137293760
W4402671828,C137293760
W4402670272,C137293760
W4391069894,C137293760
W4402684058,C137293760
W4402672079,C137293760
W4396498719,C137293760
W4405016591,C137293760
W4388718403,C137293760
W4408665284,C137293760
W4402671735,C137293760
W4403578219,C137293760
W4400727220,C137293760
W4402683994,C137293760
W4404601423,C137293760
W4396832059,C137293760
W4398138749,C137293760
W4402277737,C137293760
W4408781722,C137293760
W4401863589,C137293760
W4412589540,C137293760
W4400529431,C137293760
W4405144021,C137293760
W4400448985,C137293760
W4402672007,C137293760
W4404781224,C137293760
W4396919460,C137293760
W4393160233,C137293760
W4412352442,C137293760
W4399282423,C137293760
W4403674467,C137293760
W4403582591,C137293760
W4393236964,C137293760
W4411892026,C137293760
W4400484838,C137293760
W4389524107,C137293760
W4416432328,C137293760
W4405755009,C137293760
W4411080230,C137293760
W4393161039,C137293760
W4412654797,C137293760
W4393160590,C137293760
W4415604498,C137293760
W4403095656,C137293760
W4402727888,C137293760
W4401042811,C137293760
W4388221277,C137293760
W4407892286,C137293760
W4402684226,C137293760
W4405429486,C137293760
W4403791911,C137293760
W4416037369,C137293760
W4407450191,C2988382989
W4313061809,C2988382989
W4365809852,C2988382989
W4386756104,C2988382989
W4286376027,C2988382989
W4285420655,C2988382989
W4415745242,C2988382989
W4210443007,C2988382989
W7147029895,C2988382989
W7135228880,C2988382989
W2804966948,C2988382989
W4394775619,C2988382989
W4297666456,C2988382989
W4416945443,C2988382989
W4303453208,C2988382989
W4380997614,C2988382989
W4405849411,C2988382989
W2799250073,C2988382989
W4415236390,C2988382989
W4407938004,C2988382989
W3122473029,C2988382989
W7131887050,C2988382989
W4415480787,C2988382989
W1523806484,C2988382989
W4415641313,C2988382989
W7139062481,C2988382989
W4411552719,C2988382989
W3157152880,C2988382989
W7204267787,C2988382989
W7126742298,C2988382989
W7204884350,C2988382989
W7125495998,C2988382989
W7151920575,C2988382989
W7164636938,C2988382989
W7161596248,C2988382989
W7208812437,C2988382989
W7164872417,C2988382989
W7171680523,C2988382989
W7126712327,C2988382989
W7169838591,C2988382989
W7161583659,C2988382989
W4416341524,C2988382989
W4417403910,C2988382989
W7202395383,C2988382989
W4411019612,C2988382989
W7124898118,C2988382989
W4411224828,C2988382989
W7161007577,C2988382989
W7155023244,C2988382989
W7171394007,C2988382989
W4417338747,C2988382989
W7202129996,C2988382989
W7123338423,C2988382989
W7125477308,C2988382989
W7202113568,C2988382989
W7161788055,C2988382989
W4402325049,C2988382989
W7140131848,C2988382989
W7154087294,C2988382989
W7210278569,C2988382989
W7167888019,C2988382989
W4200172223,C2988382989
W7140145073,C2988382989
W7140091781,C2988382989
W7161613172,C2988382989
W7154182829,C2988382989
W7202254168,C2988382989
W7140135016,C2988382989
W7131822897,C2988382989
W7212679585,C2988382989
W7149229666,C2988382989
W7161253078,C2988382989
W7124172462,C2988382989
W7124161972,C2988382989
W4416250298,C2988382989
W7128651549,C2988382989
W4416199367,C2988382989
W7162027857,C2988382989
W7160753455,C2988382989
W7203768484,C2988382989
W7133238272,C2988382989
W7114792577,C2988382989
W4415171459,C2988382989
W4416219229,C2988382989
W7170044833,C2988382989
W7161280872,C2988382989
W7203673846,C2988382989
W7171537544,C2988382989
W7132251598,C2988382989
W7136487740,C2988382989
W7136491172,C2988382989
W4411467319,C2988382989
W7167596708,C2988382989
W4402811583,C2988382989
W7115904775,C2988382989
W4406552601,C2988382989
W7203512291,C2988382989
W7128474455,C2988382989
W4384571279,C2988382989
W7204913691,C2988382989
W4254346055,C2988382989
W4247806398,C2988382989
W4236364529,C2988382989
W4253933925,C2988382989
W4240175703,C2988382989
W4242909567,C2988382989
