openalex_id,name,country,works_count,cited_by_count,h_index
I66867065,East China Normal University,CN,86990,5364868,504
I183067930,Shanghai Jiao Tong University,CN,373748,28992435,896
I24943067,Fudan University,CN,246645,20742628,865
I99065089,Tsinghua University,CN,385288,34375219,1197
I76130692,Zhejiang University,CN,376760,30440412,963
I4210155230,Samsung (China),CN,,,
I4210100255,Beijing Academy of Artificial Intelligence,CN,,,
I4210159102,Huawei Technologies (Sweden),SE,,,
I172675005,Nanyang Technological University,SG,,,
I78988378,Renmin University of China,CN,,,
I4210086143,Alibaba Group (Cayman Islands),KY,,,
I165932596,National University of Singapore,SG,,,
I4210150719,eBay (United States),US,,,
I14243506,Hong Kong Polytechnic University,HK,,,
I75059550,Zhejiang Gongshang University,CN,,,
I126520041,University of Science and Technology of China,CN,,,
I4210113369,Microsoft Research Asia (China),CN,,,
I125839683,Beijing Institute of Technology,CN,,,
I4210134178,Sohu (China),CN,,,
I1174212,University of Southern California,US,,,
I2800817003,California Southern University,US,,,
I903300897,Southern States University,US,,,
I4210156583,Laboratoire d'Informatique de Paris-Nord,FR,,,
I118574674,Jiangsu Normal University,CN,,,
I25254941,Beijing Normal University,CN,,,
I2250955327,Huawei Technologies (China),CN,,,
I154570441,"University of California, Santa Barbara",US,,,
I45928872,Alibaba Group (China),CN,,,
I2250653659,Tencent (China),CN,,,
I168879160,Zhejiang University of Science and Technology,CN,,,
I109935558,Ningbo University,CN,,,
I4210121747,Zhejiang Modern Chinese Medicine and Natural Medicine Research Institute (China),CN,,,
I157725225,University of Illinois Urbana-Champaign,US,,,
I40120149,University of Oxford,GB,,,
I195460627,University of Aberdeen,GB,,,
I139759216,Beijing University of Posts and Telecommunications,CN,,,
I158809036,Shenzhen Institute of Information Technology,CN,,,
I204983213,Harbin Institute of Technology,CN,,,
I29955533,Center for Information Technology,US,,,
I111979921,Northwestern University,US,,,
I1311688040,Amazon (United States),US,,,
I4391012619,Shanghai Artificial Intelligence Laboratory,CN,,,
I202697423,University of Zurich,CH,,,
I135905480,Shanghai Polytechnic University,CN,,,
I4210139618,Shanghai Key Laboratory of Trustworthy Computing,CN,,,
I157773358,Sun Yat-sen University,CN,,,
I3131625388,University Town of Shenzhen,CN,,,
I4210095624,Alibaba Group (United States),US,,,
I4210108985,Bellevue Hospital Center,US,,,
I4210145761,Shenzhen Institutes of Advanced Technology,CN,,,
I37461747,Wuhan University,CN,,,
I4210159575,Huashan Hospital,CN,,,
I4210087373,Meizu (China),CN,,,
I4210122302,ShangHai JiAi Genetics & IVF Institute,CN,,,
I27804330,Brown University,US,,,
I1290206253,Microsoft (United States),US,,,
I4210164937,Microsoft Research (United Kingdom),GB,,,
I111483173,King University,US,,,
I20231570,Peking University,CN,,,
I4210156423,National Engineering Research Center for Information Technology in Agriculture,CN,,,
I74973139,Carnegie Mellon University,US,,,
I4210126065,Shanghai Electric (China),CN,,,
I19820366,Chinese Academy of Sciences,CN,,,
I4210160793,Institute of Geographic Sciences and Natural Resources Research,CN,,,
I4210165038,University of Chinese Academy of Sciences,CN,,,
I3125743391,China University of Geosciences (Beijing),CN,,,
I211433327,Ministry of Natural Resources,CN,,,
I2802497816,Chinese Academy of Geological Sciences,CN,,,
I82880672,Beihang University,CN,,,
I881766915,Nanjing University,CN,,,
I106994412,Sinopec (China),CN,,,
I31595395,Chengdu University of Technology,CN,,,
I114017466,University of Technology Sydney,AU,,,
I180949307,Illinois Institute of Technology,US,,,
I53592917,Jiangxi Normal University,CN,,,
I118347636,Australian National University,AU,,,
I57093077,Swinburne University of Technology,AU,,,
I4210120069,Ministry of Science and Technology of the People's Republic of China,CN,,,
I163340411,Hohai University,CN,,,
I170201317,University of Pittsburgh,US,,,
I165143802,The University of Queensland,AU,,,
I4210131846,Artificial Intelligence Research Institute,ES,,,
I4210156221,Allen Institute for Artificial Intelligence,US,,,
I4210164862,Artificial Intelligence in Medicine (Canada),CA,,,
I129604602,The University of Sydney,AU,,,
I108468826,Stevens Institute of Technology,US,,,
I4210114105,Tsinghua–Berkeley Shenzhen Institute,CN,,,
I165779595,The University of Melbourne,AU,,,
I97018004,Stanford University,US,,,
I22248866,AgroParisTech,FR,,,
I79891267,Singapore Management University,SG,,,
I11838497,Aviation Industry Corporation of China (China),CN,,,
I4210128921,"The First Affiliated Hospital, Sun Yat-sen University",CN,,,
I4800084,Southwest Jiaotong University,CN,,,
I4210103986,Jingdong (China),CN,,,
I4210123185,Zhejiang Lab,CN,,,
I41198531,Nanjing University of Posts and Telecommunications,CN,,,
I4210160211,Pharmaceutical Biotechnology (Czechia),CZ,,,
I3133055985,Westlake University,CN,,,
I136199984,Harvard University,US,,,
I2801851002,Harvard University Press,US,,,
I28407311,University of Manchester,GB,,,
I98677209,University of Edinburgh,GB,,,
I889804353,Robert Bosch (Germany),DE,,,
I59499333,Optica,US,,,
I98301712,Baidu (China),CN,,,
I4210090176,Institute of Computing Technology,CN,,,
I4210137766,Institute for Advanced Study,DE,,,
I29617571,University of Indonesia,ID,,,
I177725633,Chinese University of Hong Kong,HK,,,
I891191580,Aalborg University,DK,,,
I17145004,Northwestern Polytechnical University,CN,,,
I890469752,Ministry of Industry and Information Technology,CN,,,
I98358874,Delft University of Technology,NL,,,
I106165777,University of Central Florida,US,,,
I4210120238,PowerChina (China),CN,,,
I4210142192,Powerchina Huadong Engineering Corporation (China),CN,,,
I84884186,Newcastle University,GB,,,
I4210153550,Beijing Tsinghua Chang Gung Hospital,CN,,,
I87445476,Xi'an Jiaotong University,CN,,,
I201448701,University of Washington,US,,,
I51556381,University of Virginia,US,,,
I143302722,University of Kentucky,US,,,
I200769079,Hong Kong University of Science and Technology,HK,,,
I889458895,University of Hong Kong,HK,,,
I45129253,University College London,GB,,,
I39333907,Yanshan University,CN,,,
I47720641,Huazhong University of Science and Technology,CN,,,
I4210155268,Salesforce (United States),US,,,
I4210126319,Duke-NUS Medical School,SG,,,
I91045830,Texas A&M University,US,,,
I74801974,The University of Tokyo,JP,,,
I2251586001,Singapore General Hospital,SG,,,
I1299303238,National Institutes of Health,US,,,
I32971472,Yale University,US,,,
I4210091137,NetEase (China),CN,,,
I205237279,Nankai University,CN,,,
I180662265,China Mobile (China),CN,,,
I4210164952,Tianjin haihe hospital,CN,,,
I162868743,Tianjin University,CN,,,
I4210112150,Institute of Automation,CN,,,
I50632499,Chongqing University of Technology,CN,,,
I4210126903,Zhong Ke San Huan (China),CN,,,
I139024713,Guangdong University of Technology,CN,,,
I1328775524,Zhejiang Sci-Tech University,CN,,,
I4405254534,NingboTech University,CN,,,
I13591777,University of Nottingham Ningbo China,CN,,,
I3018263800,Huzhou Normal University,CN,,,
I158934434,Zhongnan University of Economics and Law,CN,,,
I196699116,Wuhan University of Technology,CN,,,
I143593769,East China University of Science and Technology,CN,,,
I4210127074,Zhongshan Hospital,CN,,,
I74656192,University of Göttingen,DE,,,
I75955062,Henan Normal University,CN,,,
I161318765,"University of California, Los Angeles",US,,,
I2803209242,University of California System,US,,,
I127108677,Eastern Institute of Technology,NZ,,,
I20942203,Hainan University,CN,,,
I44675526,Shanghai Ocean University,CN,,,
I50760025,Hangzhou Dianzi University,CN,,,
I55712492,Zhejiang University of Technology,CN,,,
I4210137199,Aerospace Information Research Institute,CN,,,
I96733725,Shanghai Maritime University,CN,,,
I154130895,University of Auckland,NZ,,,
I161346416,Jimei University,CN,,,
I180726961,Shenzhen University,CN,,,
I170215575,National University of Defense Technology,CN,,,
I158842170,Chongqing University,CN,,,
I1292875679,Commonwealth Scientific and Industrial Research Organisation,AU,,,
I42894916,Data61,AU,,,
I47689461,Northeast Forestry University,CN,,,
I135237710,Zhejiang Normal University,CN,,,
I63190737,"University at Buffalo, State University of New York",US,,,
I2799961584,China Executive Leadership Academy Pudong,CN,,,
I70931966,Université de Montréal,CA,,,
I108192572,HEC Montréal,CA,,,
I4210164802,Mila - Quebec Artificial Intelligence Institute,CA,,,
I165799507,Rensselaer Polytechnic Institute,US,,,
I1341412227,IBM (United States),US,,,
I140172145,University of Connecticut,US,,,
I78577930,Columbia University,US,,,
I36672615,Courant Institute of Mathematical Sciences,US,,,
I57206974,New York University,US,,,
I2802355861,Australian Institute of Business,AU,,,
I4210092826,Hua Yuan Group (China),CN,,,
I4210146919,Shanghai Industrial Technology Institute,CN,,,
I193775966,Yonsei University,KR,,,
I2252078561,Meta (Israel),IL,,,
I18014758,Simon Fraser University,CA,,,
I95457486,"University of California, Berkeley",US,,,
I4210094879,Shandong Institute of Automation,CN,,,
I36399199,Nanjing University of Science and Technology,CN,,,
I5681781,The University of Adelaide,AU,,,
I115212828,Beijing Language and Culture University,CN,,,
I107606265,Broad Institute,US,,,
I4210132615,Zhejiang Energy Group (China),CN,,,
I194450716,Jilin University,CN,,,
I4210134929,Jilin Province Science and Technology Department,CN,,,
I110166357,University of Delhi,IN,,,
I68891433,Indian Institute of Technology Delhi,IN,,,
I1306409833,Adobe Systems (United States),US,,,
I1291357265,Ministry of Health,SG,,,
I4210090971,Southeast University,BD,,,
I76569877,Southeast University,CN,,,
I116953780,Tongji University,CN,,,
I4210144102,Wuhu Hit Robot Technology Research Institute,CN,,,
I862669128,Xiaomi (China),CN,,,
I183519381,Capital Medical University,CN,,,
I4210087691,Beijing Tian Tan Hospital,CN,,,
I4210089514,National Clinical Research Center for Digestive Diseases,CN,,,
I62916508,Technical University of Munich,DE,,,
I145311948,Johns Hopkins University,US,,,
I4210128910,Group Sense (China),CN,,,
I205783295,Cornell University,US,,,
I4210119392,Institute of Microelectronics,CN,,,
I24603500,University of Massachusetts Amherst,US,,,
I20089843,Princeton University,US,,,
I1343180700,Intel (United States),US,,,
I150229711,University of Electronic Science and Technology of China,CN,,,
I5388228,University of Rochester,US,,,
I4389425283,State of California,US,,,
I4210164897,Descartes Labs (United States),US,,,
I3045169105,Southern University of Science and Technology,CN,,,
I4402554026,The Sense Innovation and Research Center,CH,,,
I4210096250,Beijing Institute of Big Data Research,CN,,,
I16365422,Hefei University of Technology,CN,,,
I4210145278,Institute of Applied Physics and Computational Mathematics,CN,,,
I72427458,JDSU (United States),US,,,
I4210109870,Vi Technology (United States),US,,,
I4401726805,Megvii (China),,,,
I84218800,"University of California, Davis",US,,,
I9842412,Nanjing University of Aeronautics and Astronautics,CN,,,
I130701444,Georgia Institute of Technology,US,,,
I25846049,National Tsing Hua University,TW,,,
I157485424,Korea Advanced Institute of Science and Technology,KR,,,
I180670191,"University of California, San Francisco",US,,,
I39422238,University of Illinois Chicago,US,,,
I169199633,Aston University,GB,,,
I114027177,University of North Carolina at Chapel Hill,US,,,
I4210105918,Normandie Université,FR,,,
I62396329,Université de Rouen Normandie,FR,,,
I88814501,Institut National des Sciences Appliquées Rouen Normandie,FR,,,
I4210108118,"Laboratoire d'Informatique, du Traitement de l'Information et des Systèmes",FR,,,
I4210156165,Lenovo (China),CN,,,
I33256026,German Research Centre for Artificial Intelligence,DE,,,
I116265982,Qinghai University,CN,,,
I2799997741,Changjiang Water Resources Commission,CN,,,
I185261750,University of Toronto,CA,,,
I5023651,McGill University,CA,,,
I4210146711,Sun Yat-sen University Cancer Center,CN,,,
I4391768007,State Key Laboratory of Oncology in South China,,,,
I189196454,The University of Texas at Arlington,US,,,
I4210159420,Shanghai Children's Hospital,CN,,,
I4210087641,Beijing VDJBio (China),CN,,,
I4210132047,Beijing Radiation Center,CN,,,
I1333535994,University of North Carolina Health Care,US,,,
I142974352,National Sun Yat-sen University,TW,,,
I4210144482,Shanghai Sixth People's Hospital,CN,,,
I4210092517,Shanghai Eye Disease Prevention & Treatment Center,CN,,,
I4210135742,Shanghai First People's Hospital,CN,,,
I30809798,ShanghaiTech University,CN,,,
I4210135459,United Imaging Healthcare (China),CN,,,
I86519309,The University of Texas at Austin,US,,,
I202126657,Qufu Normal University,CN,,,
I200845125,Nanjing University of Information Science and Technology,CN,,,
I90267481,Umeå University,SE,,,
I4210108443,Advanced Digital Sciences Center,SG,,,
I87216513,Michigan State University,US,,,
I1311636904,Michigan Department of Transportation,US,,,
I27837315,University of Michigan,US,,,
I156087764,"University of California, Merced",US,,,
I84392919,Temple University,US,,,
I149594827,Xidian University,CN,,,
I4210151987,Ministry of Agriculture and Rural Affairs,CN,,,
I168719708,City University of Hong Kong,HK,,,
I184597095,National Institute of Informatics,JP,,,
I4210165339,Ningbo Institute of Industrial Technology,CN,,,
I4210116052,Inception Institute of Artificial Intelligence,AE,,,
I102345215,Xihua University,CN,,,
I204250578,"University of California, Irvine",US,,,
I4210140476,Shanghai Zhaozhan Metal Materials,CN,,,
I2802608112,Shanghai Chest Hospital,CN,,,
I4210166112,State Key Laboratory of Remote Sensing Science,CN,,,
I102335020,Karlsruhe Institute of Technology,DE,,,
I191208505,Xiamen University,CN,,,
I2799732068,Royal Prince Alfred Hospital,AU,,,
I196431481,Isra University,PK,,,
I29894533,Charles Darwin University,AU,,,
I4210117337,Neijiang Normal University,CN,,,
I36515993,Eastern Mediterranean University,CY,,,
I4210156066,State Key Laboratory of Chemical Engineering,CN,,,
I181369854,Friedrich-Alexander-Universität Erlangen-Nürnberg,DE,,,
I4210145292,Shenzhen University Health Science Center,CN,,,
I4210138808,École Pour l'Informatique et les Techniques Avancées,FR,,,
I47508984,Imperial College London,GB,,,
I1326498283,Institut national de recherche en sciences et technologies du numérique,FR,,,
I201841394,Université Côte d'Azur,FR,,,
I9360294,University of Bologna,IT,,,
I83019370,Eindhoven University of Technology,NL,,,
I183935753,King's College London,GB,,,
I4210138551,University Hospital Magdeburg,DE,,,
I223822909,Heidelberg University,DE,,,
I2802164966,University Hospital Heidelberg,DE,,,
I2800006345,Leiden University Medical Center,NL,,,
I170486558,Universitat Pompeu Fabra,ES,,,
I1336277565,Auckland Institute of Studies,NZ,,,
I39854758,Auckland University of Technology,NZ,,,
I154099455,Shandong University,CN,,,
I4210151935,Dahua Technology (China),CN,,,
I75867142,Xiamen University of Technology,CN,,,
I1318643470,Union Hospital,HK,,,
I4210118728,State Key Laboratory of Information Engineering in Surveying Mapping and Remote Sensing,CN,,,
I4210129222,Wuhan Union Hospital,CN,,,
I4210161227,Huangshi Central Hospital,CN,,,
I4210163933,Union Hospital,CN,,,
I79576946,University of Pennsylvania,US,,,
I181233156,University of Oregon,US,,,
I166337079,Queen Mary University of London,GB,,,
I75917431,Nara Institute of Science and Technology,JP,,,
I111599522,Jiangnan University,CN,,,
I28290843,University of Surrey,GB,,,
I4210099312,Shandong Jiaotong University,CN,,,
I1291425158,Google (United States),US,,,
I2802573037,Tianjin Medical University Cancer Institute and Hospital,CN,,,
I5740404,Tianjin Medical University,CN,,,
I2801556517,Ruijin Hospital,CN,,,
I4210165726,Shanghai Municipal Education Commission,CN,,,
I63966007,Massachusetts Institute of Technology,US,,,
I24185976,Sichuan University,CN,,,
I4210088053,Universitätsklinikum Erlangen,DE,,,
I138801177,University of Ulster,GB,,,
I4210089761,West China Hospital of Sichuan University,CN,,,
I2802939634,Chinese PLA General Hospital,CN,,,
I200296433,Chinese Academy of Medical Sciences & Peking Union Medical College,CN,,,
I2801228662,Peking Union Medical College Hospital,CN,,,
I4210154593,Beijing Shijitan Hospital,CN,,,
I4210126298,Duke Medical Center,US,,,
I4210153043,Duke University Hospital,US,,,
I133738476,University of Massachusetts Lowell,US,,,
I1287521167,Lockheed Martin (United States),US,,,
I38877650,Zhengzhou University,CN,,,
I169689159,PLA Information Engineering University,CN,,,
I4210160344,Tongji Hospital,CN,,,
I91935597,University of South China,CN,,,
I4210119942,Wuhan Textile University,CN,,,
I12393601,Huaihua University,CN,,,
I4210097726,Huaian First People’s Hospital,CN,,,
I4210087349,China Resources (China),CN,,,
I4210140440,Caritas-Krankenhaus Bad Mergentheim,DE,,,
I4210110664,University of California San Francisco Medical Center,US,,,
I10535382,Chongqing University of Posts and Telecommunications,CN,,,
I47500952,Coppin State University,US,,,
I4210098366,"Institute of Information Science, Academia Sinica",TW,,,
I4210118047,Laboratoire d’Imagerie Biomédicale,FR,,,
I21193070,Beijing Jiaotong University,CN,,,
I58200834,Southern Medical University,CN,,,
I1284762954,Zhejiang A & F University,CN,,,
I4210096034,Centre for Quantum Computation and Communication Technology,AU,,,
I170897317,Duke University,US,,,
I4391768272,State Key Laboratory of Tribology,,,,
I9086337,Taiyuan University of Technology,CN,,,
I16609230,Hunan University,CN,,,
I4210160384,Institute of Biomedical Science,GB,,,
I1316902750,Cleveland Clinic,US,,,
I179525631,Cerner (United States),US,,,
I36373038,Cleveland Clinic Lerner College of Medicine,US,,,
I161716053,China Pharmaceutical University,CN,,,
I52357470,The Ohio State University,US,,,
I114662689,Leidos (United States),US,,,
I138066346,Frederick Community College,US,,,
I16391192,Tel Aviv University,IL,,,
I4210130649,Frederick National Laboratory for Cancer Research,US,,,
I4210140884,National Cancer Institute,US,,,
I4396570585,Leidos Biomedical Research Inc. (United States),,,,
I4210153792,University School,US,,,
I58956616,Case Western Reserve University,US,,,
I1283280774,Brigham and Women's Hospital,US,,,
I181326427,Donghua University,CN,,,
I4210147369,Shanghai Institute of Hematology,CN,,,
I4210166576,First Affiliated Hospital Zhejiang University,CN,,,
I21250087,Charles University,CZ,,,
I4210162037,General University Hospital in Prague,CZ,,,
I2801518579,XinHua Hospital,CN,,,
I4210093194,Fudan University Shanghai Cancer Center,CN,,,
I91656880,China Medical University,CN,,,
I4210153930,Guangdong Provincial People's Hospital,CN,,,
I4210161402,Shanghai Municipal Center For Disease Control Prevention,CN,,,
I133868755,Shanghai Medical College of Fudan University,CN,,,
I94624287,University of Twente,NL,,,
I45438204,The University of Texas at San Antonio,US,,,
I130238516,University of Minnesota,US,,,
I4210135175,Hefei Institute of Technology Innovation,CN,,,
I4210112448,Beijing Anding Hospital,CN,,,
I4210136793,Peng Cheng Laboratory,CN,,,
I4210156404,Institute of Information Engineering,CN,,,
I115592961,Jiangsu University,CN,,,
I197347611,Korea University,KR,,,
I39470171,Ontario Tech University,CA,,,
I137867983,Central University of Finance and Economics,CN,,,
I82497590,Auburn University,US,,,
I54459138,University of Salford,GB,,,
I92403157,University of Science and Technology Beijing,CN,,,
I102149020,University of North Carolina at Charlotte,US,,,
I4210119757,Jinhua Academy of Agricultural Sciences,CN,,,
I4210162045,Jinhua Central Hospital,CN,,,
I156144747,Harbin Medical University,CN,,,
I4210122309,Fourth Affiliated Hospital of Harbin Medical University,CN,,,
I4210135985,Shanghai University of Medicine and Health Sciences,CN,,,
I139660479,Central South University,CN,,,
I141568987,Hong Kong Baptist University,HK,,,
I4210159865,Xiangya Hospital Central South University,CN,,,
I4210086933,NYU Langone Health,US,,,
I4210127408,Max Planck Institute for Brain Research,DE,,,
I4210115644,Chinese Institute for Brain Research,CN,,,
I4210160507,Center for Life Sciences,CN,,,
I258800397,New York University Shanghai,CN,,,
I4210086768,Max Planck Institute for Empirical Aesthetics,DE,,,
I4210119109,Indiana University Bloomington,US,,,
I1337826666,Buck Institute for Research on Aging,US,,,
I185103710,"University of California, Santa Cruz",US,,,
I92446798,Colorado State University,US,,,
I921990950,University of Colorado Denver,US,,,
I98704320,Icahn School of Medicine at Mount Sinai,US,,,
I19620478,Graduate Theological Union,US,,,
I1303153112,European Bioinformatics Institute,GB,,,
I87048295,Wellcome Trust,GB,,,
I76835614,University of Missouri,US,,,
I36234482,University of Bristol,GB,,,
I133731052,University of Helsinki,FI,,,
I4210122519,Biocenter Finland,FI,,,
I1331500379,Centre for Development of Advanced Computing,IN,,,
I219193219,Purdue University West Lafayette,US,,,
I181547552,Baylor College of Medicine,US,,,
I4210157240,Institute of Structural and Molecular Biology,GB,,,
I184558857,Royal Holloway University of London,GB,,,
I155660961,University of Turku,FI,,,
I183173800,Turku Centre for Computer Science,FI,,,
I204722609,Queen's University,CA,,,
I86501945,University of Delaware,US,,,
I4210109712,Max Planck Institute for Informatics,DE,,,
I4210089594,Spanish National Cancer Research Centre,ES,,,
I4210123216,Ruđer Bošković Institute,HR,,,
I3006985408,Jožef Stefan Institute,SI,,,
I12708293,SIB Swiss Institute of Bioinformatics,CH,,,
I913481162,Wageningen University & Research,NL,,,
I138689650,University of Padua,IT,,,
I103225651,Fondazione Edmund Mach,IT,,,
I114457229,University of Geneva,CH,,,
I197251160,Hebrew University of Jerusalem,IL,,,
I4210153682,Intelligent Health (United Kingdom),GB,,,
I4210159340,The Synergetic Innovation Center for Advanced Materials,CN,,,
I177969490,University of Southern Denmark,DK,,,
I159948400,Jinan University,CN,,,
I34949971,University of Jinan,CN,,,
I32574673,Shantou University,CN,,,
I4210139317,Dassault Systèmes (United Kingdom),GB,,,
I189210763,Yunnan University,CN,,,
I1304557061,National Center for Toxicological Research,US,,,
I1320320070,United States Food and Drug Administration,US,,,
I111088046,Boston University,US,,,
I4210117453,Dana-Farber Cancer Institute,US,,,
I122411786,California Institute of Technology,US,,,
I4210157861,Harvard Stem Cell Institute,US,,,
I4210123679,Hangzhou Academy of Agricultural Sciences,CN,,,
I111950717,Macau University of Science and Technology,MO,,,
I4210135053,Quality Research,US,,,
I4210144214,Jiangsu University of Technology,CN,,,
I4210148697,Institute of Bioinformatics,IN,,,
I3923682,Soochow University,CN,,,
I157536573,Institut Pasteur,FR,,,
I97565354,University of Lausanne,CH,,,
I2801952686,Erasmus MC,NL,,,
I4392738196,Centro de Investigación Médica Aplicada,ES,,,
I88155538,Universidad de Navarra,ES,,,
I4210159854,Max Planck Institute of Molecular Cell Biology and Genetics,DE,,,
I72816309,Drexel University,US,,,
I17937529,German Cancer Research Center,DE,,,
I71030271,Heidelberg Institute for Theoretical Studies,DE,,,
I86987016,KTH Royal Institute of Technology,SE,,,
I99484792,Baxter (United States),US,,,
I4210133778,Centre Inria de l'Université de Rennes,FR,,,
I80043,Institut Curie,FR,,,
I121797337,Leiden University,NL,,,
I151221077,Chung Yuan Christian University,TW,,,
I16733864,National Taiwan University,TW,,,
I1302368450,Environmental Protection Agency,US,,,
I1309191912,Research Triangle Park Foundation,US,,,
I1335686170,Center for Devices and Radiological Health,US,,,
I4210099679,Protein Express (United States),US,,,
I142608572,Prince Sattam Bin Abdulaziz University,SA,,,
I100681346,Forest Institute,US,,,
I47251452,Wake Forest University,US,,,
I61822063,ICF International (United States),US,,,
I122754148,SAS Institute (United States),US,,,
I1333606569,Center for Drug Evaluation and Research,US,,,
I4210088367,Systems Analytics (United States),US,,,
I1343551460,The University of Texas MD Anderson Cancer Center,US,,,
I79620101,University of Arkansas for Medical Sciences,US,,,
I180923762,University of Cologne,DE,,,
I4210093870,The Hamner Institutes for Health Sciences,US,,,
I4210095140,National Institute of Environmental Health Sciences,US,,,
I2277624104,Fondazione Bruno Kessler,IT,,,
I177156846,South Dakota State University,US,,,
I150468666,Emory University,US,,,
I4210114143,GlaxoSmithKline (United States),US,,,
I4210137931,Almac (United Kingdom),GB,,,
I44854399,University of Southern Mississippi,US,,,
I3019813218,Abbott (United Kingdom),GB,,,
I4210130147,Discovery Laboratories (United States),US,,,
I4210143942,National University of Technology,PK,,,
I4210114115,IBM Research - Thomas J. Watson Research Center,US,,,
I4210161554,CSIRO Land and Water,AU,,,
I21945476,Shanghai Normal University,CN,,,
I1293226324,UNESCO,FR,,,
I4210162215,Naval Aeronautical and Astronautical University,CN,,,
I43313876,Dalian Maritime University,CN,,,
I12615008,Beijing Normal-Hong Kong Baptist University,CN,,,
I150807315,Guangxi University,CN,,,
I117965899,University of Hawaiʻi at Mānoa,US,,,
I1331384533,University of Hawaii System,US,,,
I4390039246,University of Hawaii Cancer Center,,,,
I4210096056,Shanghai CASB Biotechnology (China),CN,,,
I4210093646,Cancer Center of Hawaii,US,,,
I4210128053,Institute of Remote Sensing and Digital Earth,CN,,,
I135310074,University of Wisconsin–Madison,US,,,
I4210095018,National Center for Mathematics and Interdisciplinary Sciences,CN,,,
I4210089348,Data Archiving and Networked Services (DANS),NL,,,
I4210154338,Hubei Engineering University,CN,,,
I4210131745,Parallel Consulting (United States),US,,,
I859038795,Virginia Tech,US,,,
I4210156197,Life Cycle Engineering (United States),US,,,
I66946132,"University of Maryland, College Park",US,,,
I4210134574,Changsha Environmental Protection College,CN,,,
I153473198,North China Electric Power University,CN,,,
I2801349370,Brien Holden Vision Institute,AU,,,
I31746571,UNSW Sydney,AU,,,
I4210106542,Shanghai Public Health Clinical Center,CN,,,
I4210114506,Ministry of Education,KR,,,
I4210128088,Compound Semiconductor Technologies (United Kingdom),GB,,,
I40347166,University of Chicago,US,,,
I1118541,University of East Anglia,GB,,,
I4210143632,Tyndall Centre,GB,,,
I181679659,Shanghai University of Finance and Economics,CN,,,
I4210144289,Research Center for Eco-Environmental Sciences,CN,,,
I4391012571,Resnick Sustainability Institute,,,,
I4210122612,Chinese Academy for Environmental Planning,CN,,,
I4210161496,A*STAR Graduate Academy,SG,,,
I2250650973,Samsung (South Korea),KR,,,
I4210109544,Second Institute of Oceanography,CN,,,
I4391767716,State Key Laboratory of Satellite Ocean Environment Dynamics,,,,
I80606768,Universidad de Extremadura,ES,,,
I165368041,University of Iceland,IS,,,
I190632392,Luleå University of Technology,SE,,,
I3005327000,Institute for Infocomm Research,SG,,,
I151746483,University of Waterloo,CA,,,
I27357992,Dalian University of Technology,CN,,,
I4210131271,Institute of Modern Physics,CN,,,
I4210125404,Institute of Theoretical Physics,CN,,,
I4210163363,PLA Army Engineering University,CN,,,
I185443292,Wayne State University,US,,,
I98251732,McMaster University,CA,,,
I4210139765,Beijing Computing Center,CN,,,
I4210093028,Collaborative Innovation Centre for Advanced Ship and Deep-Sea Exploration,CN,,,
I183874917,Urbana University,US,,,
I102322142,"Rutgers, The State University of New Jersey",US,,,
I134446601,Berkeley College,US,,,
I169572211,Northeast Agricultural University,CN,,,
I4210141097,Tân Tạo University,VN,,,
I204823248,Huazhong Agricultural University,CN,,,
I4210092224,Heilongjiang Academy of Sciences,CN,,,
I4210098061,Animal Science Research Institute,CN,,,
I4210145580,Research Institute of Animal Husbandry,MN,,,
I119454577,Nanjing Agricultural University,CN,,,
I52158045,China Agricultural University,CN,,,
I87424562,Ithaca College,US,,,
I72951846,Washington State University,US,,,
I204831749,Southwestern University of Finance and Economics,CN,,,
I111236770,University of Vermont,US,,,
I63135867,University of Cincinnati,US,,,
I4210130660,Xi'an High Tech University,CN,,,
I4210119254,Academy of Arts,DE,,,
I37796252,Beijing University of Technology,CN,,,
I12912129,Northeastern University,US,,,
I1288882113,Boston Children's Hospital,US,,,
I4210087915,Massachusetts General Hospital,US,,,
I4210150141,Center for Pain and the Brain,US,,,
I83328450,Miami University,US,,,
I4210099865,European University of Rome,IT,,,
I861853513,Sapienza University of Rome,IT,,,
I4210137115,Data & Society Research Institute,US,,,
I4210107338,Simons Foundation,US,,,
I35440088,ETH Zurich,CH,,,
I35777872,North Carolina Agricultural and Technical State University,US,,,
I39327780,iMinds,BE,,,
I99464096,KU Leuven,BE,,,
I100532134,Lyon 1 Université,FR,,,
I1294671590,Centre National de la Recherche Scientifique,FR,,,
I154526488,Inserm,FR,,,
I4210105738,Centre Léon Bérard,FR,,,
I4210125048,Centre de Recherche en Cancérologie de Lyon,FR,,,
I182204967,Molde University College,NO,,,
I188760350,Ollscoil na Gaillimhe – University of Galway,IE,,,
I2750212522,Cold Spring Harbor Laboratory,US,,,
I141945490,University of British Columbia,CA,,,
I4210133112,Canada's Michael Smith Genome Sciences Centre,CA,,,
I196679689,Joint Genome Institute,US,,,
I11932220,Institució Catalana de Recerca i Estudis Avançats,ES,,,
I4210137962,Centre for Genomic Regulation,ES,,,
I4210159329,Children's Hospital of Fudan University,CN,,,
I4391768242,State Key Laboratory of Genetic Engineering,,,,
I132369690,Tianjin University of Science and Technology,CN,,,
I4210112130,Tianjin International Joint Academy of Biomedicine,CN,,,
I897542642,University of Plymouth,GB,,,
I139264467,Seoul National University,KR,,,
I149704539,Deakin University,AU,,,
I90610280,South China University of Technology,CN,,,
I106959904,Florida Institute of Technology,US,,,
I28022161,King Saud University,SA,,,
I929597975,National University of Sciences and Technology,PK,,,
I4210098239,The Gordon Life Science Institute,US,,,
I4401726859,Kuaishou (China),,,,
I4210109182,Momenta Pharmaceuticals (United States),US,,,
I157455823,SUNY New Paltz,US,,,
I16076960,COMSATS University Islamabad,PK,,,
I60342839,Qatar University,QA,,,
I115228651,"Agency for Science, Technology and Research",SG,,,
I96852419,Capital Normal University,CN,,,
I4210107665,Kiang Wu Nursing College of Macau,CN,,,
I167576493,Colorado School of Mines,US,,,
I169333911,Gdańsk University of Technology,PL,,,
I54009628,University of Bayreuth,DE,,,
I135218257,Swiss Center for Electronics and Microtechnology (Switzerland),CH,,,
I169016828,Shimane University,JP,,,
I205401836,National Institute for Materials Science,JP,,,
I108290504,University of Pisa,IT,,,
I99613584,National Taipei University,TW,,,
I130217899,Åbo Akademi University,FI,,,
I4210158379,Johann Radon Institute for Computational and Applied Mathematics,AT,,,
I134687103,Nanjing Tech University,CN,,,
I142606810,Pacific Northwest National Laboratory,US,,,
I75027704,University of Tennessee at Knoxville,US,,,
I174306211,Technion – Israel Institute of Technology,IL,,,
I4210152560,National Institute of Chemistry,SI,,,
I181063083,Abdul Wali Khan University Mardan,PK,,,
I196021976,Walter and Eliza Hall Institute of Medical Research,AU,,,
I2799971621,Harry Perkins Institute of Medical Research,AU,,,
I4210103203,Victorian Comprehensive Cancer Centre,AU,,,
I4210154382,AGRF Ltd,AU,,,
I4400573310,Hangzhou City University,,,,
I184681353,Anhui University of Science and Technology,CN,,,
I4210159451,Kodak (United States),US,,,
I107639228,University of Notre Dame,US,,,
I33434090,University of Massachusetts Boston,US,,,
I1297540436,Biogen (United States),US,,,
I4210152778,Eppendorf (Belgium),BE,,,
I138285227,Agilent Technologies (United States),US,,,
I1318287680,Center for Biologics Evaluation and Research,US,,,
I4210109390,National Center for Biotechnology Information,US,,,
I867280407,The University of Texas Southwestern Medical Center,US,,,
I4210107479,Paragon Genomics (United States),US,,,
I1283582996,Novartis (Switzerland),CH,,,
I1282927834,Cedars-Sinai Medical Center,US,,,
I12057038,University of Toledo Medical Center,US,,,
I126131087,University of Sindh,PK,,,
I152815399,Singapore University of Technology and Design,SG,,,
I103635307,"University of California, Riverside",US,,,
I2802401942,"University ""St. Kliment Ohridski"" - Bitola",MK,,,
I4210109718,Shandong Transportation Research Institute,CN,,,
I80143920,Shandong University of Science and Technology,CN,,,
I4210153482,Changzhou University,CN,,,
I122274158,Dalarna University,SE,,,
I4210107879,Tongren Hospital,CN,,,
I200719446,Vanderbilt University,US,,,
I4210115152,Zhejiang Institute of Special Equipment Inspection,CN,,,
I160993911,Queensland University of Technology,AU,,,
I118118575,New Jersey Institute of Technology,US,,,
I165733156,University of Georgia,US,,,
I4210115038,Huawei Technologies (Canada),CA,,,
I2799299286,Singapore National Eye Center,SG,,,
I4210116917,Singapore Eye Research Institute,SG,,,
I4210103535,Kangbuk Samsung Hospital,KR,,,
I848706,Sungkyunkwan University,KR,,,
I4210155576,Osaka University Hospital,JP,,,
I98285908,The University of Osaka,JP,,,
I4210105949,Centre for Eye Research Australia,AU,,,
I4210112079,Rajavithi Hospital,TH,,,
I4210150574,Moorfields Eye Hospital,GB,,,
I204730241,Université Paris Cité,FR,,,
I4210097159,Assistance Publique – Hôpitaux de Paris,FR,,,
I4210127304,Fondation de Rothschild,FR,,,
I4210107668,Guangzhou Regenerative Medicine and Health Guangdong Laboratory,CN,,,
I1294606314,Beijing Tongren Hospital,CN,,,
I4210116924,"Chinese University of Hong Kong, Shenzhen",CN,,,
I22465464,University of Münster,DE,,,
I4210139777,Berlin Institute of Health at Charité - Universitätsmedizin Berlin,DE,,,
I95793202,Otto-von-Guericke-Universität Magdeburg,DE,,,
I4210150261,National University Health System,SG,,,
I4210146410,Science Oxford,GB,,,
I4210125878,Suzhou Research Institute,CN,,,
I4210126929,CE Technologies (United Kingdom),GB,,,
I22299242,Kyoto University,JP,,,
I4210157781,Shanghai Clinical Research Center,CN,,,
I4210112820,Shanghai Institute of Materia Medica,CN,,,
I131434179,Nanjing University of Chinese Medicine,CN,,,
I3018771216,LMU Klinikum,DE,,,
I8204097,Ludwig-Maximilians-Universität München,DE,,,
I2800091995,West China Medical Center of Sichuan University,CN,,,
I25757504,China University of Mining and Technology,CN,,,
I4210146077,China National Institute of Standardization,CN,,,
I2801766832,McGill University Health Centre,CA,,,
I4210142044,VinUniversity,VN,,,
I2800810863,Queen Mary Hospital,CN,,,
I4210125098,Hangzhou Vocational and Technical College,CN,,,
I4210105136,Yangtze River Delta Physics Research Center (China),CN,,,
I4210113480,Mohamed bin Zayed University of Artificial Intelligence,AE,,,
I4210091341,Novartis (China),CN,,,
I4210108520,Huahai Pharmaceutical (China),CN,,,
I36258959,University of California San Diego,US,,,
I33849332,University of Malaya,MY,,,
I4210106442,Asia Diabetes Foundation,CN,,,
I2799853436,Johns Hopkins Medicine,US,,,
I108688024,Qingdao University,CN,,,
I4210116869,Affiliated Hospital of Qingdao University,CN,,,
I4210124134,Mills Peninsula Health Services,US,,,
I887064364,University of Amsterdam,NL,,,
I4210101898,GESIS - Leibniz Institute for the Social Sciences,DE,,,
I44260953,Heinrich Heine University Düsseldorf,DE,,,
I25974101,University of Würzburg,DE,,,
I143288331,Hasso Plattner Institute,DE,,,
I12870472,Birmingham City University,GB,,,
I4210160618,Huawei Technologies (United Kingdom),GB,,,
I6469544,City University of Macau,MO,,,
I145897649,Minzu University of China,CN,,,
I4210122684,Sony Computer Science Laboratories,JP,,,
I4210105806,Zhongda Hospital Southeast University,CN,,,
I2800370534,Sheng Jing Hospital,CN,,,
I2800570007,Renji Hospital,CN,,,
I4210128818,Institute of Software,CN,,,
I4210152474,China National Building Materials Group (China),CN,,,
I39555362,University of Warwick,GB,,,
I34574549,National Taichung University of Education,TW,,,
I146620803,Wenzhou University,CN,,,
I4210136497,Jilin Medical University,CN,,,
I4210128433,Model Clinical Research,US,,,
I79510175,Cardiff University,GB,,,
I4210110199,Vision Medicals (China),CN,,,
I2802974365,Shanghai Innovative Research Center of Traditional Chinese Medicine,CN,,,
I4210140341,Allen Institute,US,,,
I36152291,Henan University of Technology,CN,,,
I66862912,Chalmers University of Technology,SE,,,
I4210089985,Amazon (Germany),DE,,,
I16285277,William & Mary,US,,,
I267592682,Williams (United States),US,,,
I58610484,Seattle University,US,,,
I4405258931,MIT Computer Science and Artificial Intelligence Laboratory,US,,,
I138006243,University of Arizona,US,,,
I4210136246,China Telecom (China),CN,,,
I4387153335,China Telecom,,,,
I4210101327,Twin Cities Orthopedics,US,,,
I4210127658,Ministry of Natural Resources,RW,,,
I62853816,Beijing University of Civil Engineering and Architecture,CN,,,
I4210130157,Institute of Informatics and Telematics,IT,,,
I4210158318,Second Affiliated Hospital of Zhejiang University,CN,,,
I141962983,Shanghai University of Engineering Science,CN,,,
I1308923049,University Hospitals Birmingham NHS Foundation Trust,GB,,,
I79619799,University of Birmingham,GB,,,
I124227911,Ben-Gurion University of the Negev,IL,,,
I64767286,Clalit Health Services,IL,,,
I4210093653,Midea Group (China),CN,,,
I4401726915,Zhipu AI (China),,,,
I283854653,Machine Intelligence Research Institute,US,,,
I4210111013,Nanjing Drum Tower Hospital,CN,,,
I4210137621,BioInVision (United States),US,,,
I10660446,Kunming University of Science and Technology,CN,,,
I3124059619,China University of Geosciences,CN,,,
I14396692,Tokyo University of Information Sciences,JP,,,
I152031979,Nanjing Normal University,CN,,,
I80626142,Henan Medical University,CN,,,
I241749,University of Cambridge,GB,,,
I2802946424,Johns Hopkins University Applied Physics Laboratory,US,,,
I4210103721,Unilever (China),CN,,,
I11701301,Griffith University,AU,,,
I4210134275,Beijing Institute of Architectural Design (China),CN,,,
I4210132741,Shanghai Tenth People's Hospital,CN,,,
I4210092101,Shanghai Children's Medical Center,CN,,,
I4210097066,Shanghai Ninth People's Hospital,CN,,,
I176453806,University of Potsdam,DE,,,
I4210159968,Duke Kunshan University,CN,,,
I148283060,Lawrence Berkeley National Laboratory,US,,,
I4210089226,Shanxi Coal Transportation and Sales Group (China),CN,,,
I4210131871,Shanxi Jincheng Anthracite Mining Group (China),CN,,,
I25355098,Chang'an University,CN,,,
I2801051648,China-Japan Friendship Hospital,CN,,,
I4210132813,Second Affiliated Hospital of Harbin Medical University,CN,,,
I4210146112,Shanghai Sunshine Rehabilitation Center,CN,,,
I2801179840,Churchill Hospital,GB,,,
I34931013,National Institute for Health and Care Research,GB,,,
I4210146357,Oxford BioMedica (United Kingdom),GB,,,
I18925743,Shanghai University of Sport,CN,,,
I4210120485,Academy of Mathematics and Systems Science,CN,,,
I157582758,SingHealth,SG,,,
I4210097409,SingHealth Duke-NUS Academic Medical Centre,SG,,,
I4210163497,Austin Health,AU,,,
I4210092133,Centro de Investigación Biomédica en Red Diabetes y Enfermedades Metabólicas Asociadas,ES,,,
I1288702032,Ministry of Education,NZ,,,
I142415962,Beijing Institute of Education,CN,,,
I3019120426,China Iron and Steel Research Institute Group,CN,,,
I96673099,Technical University of Denmark,DK,,,
I4210100356,Ministry of Education,CL,,,
I4210135679,Antea Group (France),FR,,,
I4210106930,Westlake Health Center,US,,,
I4210137016,GlaxoSmithKline (China),CN,,,
I4210121283,Shanghai Hospital Development Center,CN,,,
I4210164641,458th Hospital PLA,CN,,,
I4210115270,Chicago Neuropsychology Group,US,,,
I4210092870,Jiaxing University,CN,,,
I82284825,Cranfield University,GB,,,
I4210126646,Vanke (China),CN,,,
I4210122141,People's Hospital of Xinjiang Uygur Autonomous Region,CN,,,
I96908189,Xinjiang University,CN,,,
I4210156488,Institute of Zoology of the Slovak Academy of Sciences,SK,,,
I71443028,Donaldson (United States),US,,,
I173632517,MediaTek (China),CN,,,
I36788626,California University of Pennsylvania,US,,,
I6507939,China United Network Communications Group (China),CN,,,
I181647926,University of Strathclyde,GB,,,
I180825142,"City, University of London",GB,,,
I188538660,University of Colorado Boulder,US,,,
I4210111179,Michigan United,US,,,
I4210132426,Shanghai Fudan Microelectronics (China),CN,,,
I4210110013,"National Center for Women and Children’s Health, China CDC",CN,,,
I4210113495,Children's Hospital of Zhejiang University,CN,,,
I1336263701,Centre for Human Genetics,GB,,,
I2801809904,Nuffield Orthopaedic Centre,GB,,,
I4210138543,Institute of Japanese Studies,CN,,,
I173759888,Hunan Normal University,CN,,,
I4210092088,Zhejiang Province Institute of Architectural Design and Research,CN,,,
I4210108629,Computer Network Information Center,CN,,,
I186143895,Lehigh University,US,,,
I4210120929,Zhujiang Hospital,CN,,,
I129774422,University of Vienna,AT,,,
I145847075,TU Wien,AT,,,
I4210105182,Zhuhai People's Hospital,CN,,,
I4210093460,Sixth Affiliated Hospital of Sun Yat-sen University,CN,,,
I4210103346,Nanfang Hospital,CN,,,
I4210088331,Quzhou City People's Hospital,CN,,,
I4210123686,Quzhou University,CN,,,
I4210114178,Suzhou Vocational Institute of Industrial Technology,CN,,,
I4210121067,Monash Health,AU,,,
I56590836,Monash University,AU,,,
I197869895,Anhui Medical University,CN,,,
I177933477,Second Military Medical University,CN,,,
I4210115928,Changhai Hospital,CN,,,
I4210091343,Shanghai Stomatological Hospital,CN,,,
I4210119853,Zhejiang Hospital,CN,,,
I887968799,RWTH Aachen University,DE,,,
I205274468,Trinity College Dublin,IE,,,
I4210159183,NIHR Research Delivery Network,GB,,,
I899635006,Université Grenoble Alpes,FR,,,
I9224756,Northeastern University,CN,,,
I4210104188,Optimization Technology (United States),US,,,
I4210136431,Shanghai Tongji Urban Planning and Design Institute,CN,,,
I6593398,Dali University,CN,,,
I177855293,Emory and Henry College,US,,,
I163151501,Hangzhou Normal University,CN,,,
I4210127487,Vision Technology (United States),US,,,
I4210118689,Joint Research Centre,IT,,,
I37696226,University of Maribor,SI,,,
I4210136922,Fraunhofer Institute for Applied and Integrated Security,DE,,,
I2800804238,Fraunhofer Institute for Open Communication Systems,DE,,,
I4210128698,Instituto Tecnológico de Materiales de Asturias,ES,,,
I50357001,Universidad Carlos III de Madrid,ES,,,
I4210145784,IBM Research - Ireland,IE,,,
I4210130112,China Academy of Information and Communications Technology,CN,,,
I179026463,Beijing Technology and Business University,CN,,,
I4210128491,Guangzhou Institute of Energy Conversion,CN,,,
I904013037,Universidad Europea de Madrid,ES,,,
I2799730327,European Council,BE,,,
I4210114974,IMEC,BE,,,
I4210149102,Sanya University,CN,,,
I17442442,State Grid Corporation of China (China),CN,,,
I91136226,University of Sheffield,GB,,,
I146655781,University of Liverpool,GB,,,
I130828816,University of Leeds,GB,,,
I1285933455,Physikalisch-Technische Bundesanstalt,DE,,,
I237525767,Zurich Insurance Group (Switzerland),CH,,,
I5124864,École Polytechnique Fédérale de Lausanne,CH,,,
I180437899,University of Bremen,DE,,,
I4210151565,Leibniz ScienceCampus Primate Cognition,DE,,,
I100066346,University of Stuttgart,DE,,,
I4210124847,National Engineering Research Center of Electromagnetic Radiation Control Materials,CN,,,
I142910587,University of Salento,IT,,,
I1321305853,National Bureau of Economic Research,US,,,
I4210090956,Shandong Institute of Metrology,CN,,,
I4210162136,National Institute of Metrology,CN,,,
I143868143,Anhui University,CN,,,
I4210094894,China Automotive Technology and Research Center,CN,,,
I4210126577,Shanghai Public Security Bureau,CN,,,
I4210089783,Shanghai Medical Information Center,CN,,,
I4210099122,Hubei Provincial Hospital of Traditional Chinese Medicine,CN,,,
I4210103686,Hubei Provincial Center for Disease Control and Prevention,CN,,,
I4210134393,China National Chemical Engineering (China),CN,,,
I4210120389,Fujian Polytechnic of Information Technology,CN,,,
I4210142126,Jiangsu Provincial Key Laboratory of Network and Information Security,CN,,,
I4210111970,Fujian Electric Power Survey & Design Institute,CN,,,
I4210112475,Shenwu Technology Group Corp (China),CN,,,
I4210100200,China Internet Network Information Center,CN,,,
I4210165287,Companhia de Equipamentos Industriais,PT,,,
I4210163630,Fraunhofer Institute for Software and Systems Engineering,DE,,,
I176432857,Beijing Wuzi University,CN,,,
I4210093776,DHC Software (China),CN,,,
I4210118099,China Design Group (China),CN,,,
I4210131247,Shandong Police College,CN,,,
I5343935,Guilin University of Electronic Technology,CN,,,
I178535277,University of the West of England,GB,,,
I81007117,Lucerne University of Applied Sciences and Arts,CH,,,
I2802212502,TiGenix (Spain),ES,,,
I87101506,Swiss National Science Foundation,CH,,,
I51532219,University of Lincoln,GB,,,
I83776822,Shandong Institute of Business and Technology,CN,,,
I37574244,Sichuan Agricultural University,CN,,,
I15766328,Universitat de Lleida,ES,,,
I4210164797,Wakamoto Pharmaceutical (Japan),JP,,,
I59483232,Shandong University of Finance and Economics,CN,,,
I59028903,Ocean University of China,CN,,,
I4210129593,Australian Access Federation,AU,,,
I73142707,Athens University of Economics and Business,GR,,,
I60053951,Universitat Politècnica de València,ES,,,
I4210134591,Telefonica Research and Development,ES,,,
I142617266,University of Crete,GR,,,
I8901234,Foundation for Research and Technology Hellas,GR,,,
I4210112262,Health Level Seven International,BE,,,
I140744787,University of Pardubice,CZ,,,
I74872605,China Southern Power Grid (China),CN,,,
I867306930,Power Grid Corporation (India),IN,,,
I161104310,Zeppelin Universität gemeinnützige GmbH,DE,,,
I184999862,Universidad de Salamanca,ES,,,
I4210123620,Junta de Castilla y León,ES,,,
I201459984,Guangdong University Of Finances and Economics,CN,,,
I4210149618,Guangdong University of Finance,CN,,,
I4210150043,CSC - IT Center for Science (Finland),FI,,,
I4210105266,Biomed Research Institute,US,,,
I4210118299,Institute for Biomedicine,IT,,,
I177639307,University of Dundee,GB,,,
I4210142469,Health Data Research UK,GB,,,
I7882870,University of Glasgow,GB,,,
I4210132863,Science Factory,US,,,
I177477856,Politecnico di Torino,IT,,,
I122346577,University of Modena and Reggio Emilia,IT,,,
I4210086028,Technology and Engineering Center for Space Utilization,CN,,,
I4210133922,Fulcrum Corporation (United States),US,,,
I87208437,University of Tulsa,US,,,
I4210119561,Digital Research Centre of Sfax,TN,,,
I142899784,University of Sfax,TN,,,
I3122695212,Polytechnic University of Timişoara,RO,,,
I4210151633,Koforidua Technical University,GH,,,
I108754898,Badji Mokhtar-Annaba University,DZ,,,
I39804081,Sorbonne Université,FR,,,
I4210091279,Université Sorbonne Paris Nord,FR,,,
