pub_id,venue_id
W2184957013,S4210191458
W2499696929,S4210191458
W4312044727,S30698027
W2572179331,S4306419999
W4401754921,S129236917
W4381679608,S2912241403
W4229024390,S4363608773
W3134371412,S106296714
W4386275705,S30698027
W3211888892,S106296714
W2571811098,S4306419999
W2788798739,S4210191458
W2524949478,S4210231404
W3003507729,S30698027
W4382239895,S4210191458
W3014406063,S88457320
W2172684358,S7407056385
W3156850293,S4210194376
W4224317449,S4363608783
W3191802839,S30698027
W2336384382,S4210191458
W4400612817,S12529635
W3164032516,S203062545
W3215452784,S4210191458
W3036397942,S174847851
W2482023025,S4210226185
W4287252285,S78926909
W4290927794,S4363608767
W4285261975,S4363605144
W2577076988,S4306419999
W4221021831,S4363608846
W2964262329,S4210191458
W3106176046,S4306401281
W4206136286,S10169007
W2776054229,S106296714
W4414290389,S41143188
W4379382656,S68686220
W4224309032,S4363608783
W4393260925,S4210167893
W4391681328,S4306421405
W2963276152,S4306420732
W4284687473,S4363608773
W2579831760,S4306419219
W4221157571,S4363608783
W4226361124,S4363608652
W4387789903,S30698027
W3154815051,S65486112
W1509849758,S106296714
W4386811014,S2736968195
W4388776291,S45693802
W4328127395,S2492086750
W3211468413,S4210219751
W4409379779,S172073041
W3202473058,S106296714
W4390146402,S10169007
W2942231519,S106296714
W4284672936,S4363608773
W4285606599,S10169007
W4396982395,S30698027
W3197381498,S4363608991
W3202082017,S4363608991
W4224131719,S4363608652
W4322736931,S131231701
W4393154896,S4210191458
W4383890187,S204223317
W4379108576,S115173108
W4380344018,S45693802
W4390532736,S41523882
W4407165300,S68497187
W4404562698,S900972176
W4403680948,S4210219776
W4408507944,S45693802
W4409209969,S4210215815
W4410683950,S105046310
W4416612650,S8178725
W4405740227,S13144211
W4400486570,S111395508
W4412956629,S112141509
W4416961238,S61310614
W7133964346,S4220650901
W2294078178,S4306420056
W2941274872,S106296714
W2604791493,S4210191458
W2566820872,S4210191458
W2522332826,S151820558
W2596775847,S4210175523
W2934677901,S4210186383
W2908826119,S30698027
W2996678664,S4210189857
W3022382967,S2486411021
W3090716330,S4210194376
W3217374296,S4210191458
W4210914368,S193006928
W4230454915,S4210240396
W2604197414,S4210191458
W2889870114,S186357190
W3010644598,S2480266640
W3180352486,S30698027
W3188599330,S4210177235
W3012409376,S4210178793
W4304142382,S4363608757
W2890711249,S45693802
W4379206827,S4306525036
W3168743030,S11622463
W3193273225,S2764900261
W3197754599,S4363608991
W3160260982,S4210186383
W3152893301,S4210194376
W2664267452,S4210190156
W4321232185,S106296714
W2764034829,S2491948244
W2887280559,S106296714
W3003821665,S137773608
W2331143823,S106296714
W3111535274,S2487656537
W3011667710,S30698027
W1616262590,S4210173141
W2410591237,S111326731
W2962778872,S106296714
W2887695188,S137030581
W3035725276,S30698027
W2903282641,S141808269
W3198659451,S4210194376
W3006005697,S142305363
W3007170347,S4210192142
W2804032941,S4306420647
W4391092744,S4210173141
W3044192339,S4210239724
W2963158438,S106296714
W2783538964,S120977877
W2344786740,S4210175523
W3204647170,S199944782
W4312270234,S4363607701
W2695874637,S64511102
W2533696134,S13144211
W3009650506,S13144211
W2567079332,S106296714
W2975495759,S106296714
W3036363354,S55737203
W2595984151,S109565702
W2889945482,S199944782
W2405933695,S4210191458
W2754361766,S111326731
W2997532515,S4210192142
W2892077605,S4210191458
W3123899295,S184777250
W2751538714,S196734849
W4297243391,S2912241403
W2789367970,S155547894
W2789713147,S5240358
W3138340468,S199944782
W2896827527,S158797327
W2963889719,S159450355
W3164440025,S64187185
W2963169753,S4210191458
W2498017881,S2484288132
W4290876361,S4363608767
W2768975186,S4306420609
W2998376881,S192894947
W4226042837,S4210191458
W2798149494,S89543202
W4353056919,S137773608
W2147347517,S4210173141
W2974140502,S336866
W2085862958,S96000363
W3021182036,S414566
W3158304688,S41523882
W3185377372,S4210202585
W2900237898,S95522064
W4226456028,S173339282
W2800388963,S173339282
W2559785631,S2495854775
W2892816441,S30698027
W2343061342,S84775595
W3006334803,S63392143
W2796942168,S150671403
W3093394156,S116571295
W2559324447,S126920919
W3006871679,S199944782
W2983902176,S29980478
W2755012395,S138959710
W3091940685,S64187185
W2964121960,S146764194
W4295808856,S81770430
W2964186374,S106296714
W2903917280,S10169007
W2999146029,S23688054
W4366352735,S199944782
W2893230400,S4394735545
W3172614365,S58069681
W2810392541,S122814990
W2339172597,S106296714
W2313513770,S24978797
W3015357052,S4306555428
W3159301005,S2488537894
W4229447215,S2739142469
W2908497602,S137030581
W4386736788,S3880285
W3081006013,S64187185
W2806031239,S11622463
W2989293933,S135184319
W2791282053,S3444786
W2898716605,S202381698
W1777628566,S199944782
W2886944874,S106296714
W2989693433,S50280174
W2417420127,S134177497
W2908671501,S151820558
W2758216428,S116775814
W2894410771,S106174089
W3001319253,S120977877
W2909516836,S192559872
W2497173630,S4210191041
W2589747988,S101949793
W3083791730,S40006715
W2788997482,S4210191458
W4388639388,S9070373
W3096805028,S106296714
W2752037867,S4306420609
W2945027804,S184645833
W2580506952,S64187185
W3042916480,S4210209078
W2515753980,S4210169297
W2794081072,S2485537415
W4388834713,S203256638
W2889165715,S2485537415
W2734369741,S196734849
W2964027659,S7560371
W3198062544,S4210173141
W2734024016,S144771191
W2960155470,S120037611
W2908954810,S4210189857
W4389827562,S44278595
W3137613462,S161464388
W1034159276,S123019304
W2997353220,S2485537415
W2729145866,S45693802
W3030380536,S4210173141
W3014146531,S184777250
W1985242443,S199497470
W2132791018,S106296714
W1997201895,S199944782
W2159128662,S192894947
W2055873761,S103321696
W2892880750,S4210191458
W1964641132,S149016011
W2786918196,S59604973
W2119191234,S30698027
W2342603028,S2755174949
W2962975498,S30698027
W2147953360,S13144211
W2593539516,S137030581
W2114309015,S77581241
W4284885053,S4220650979
W4312804044,S4363607701
W2963507231,S30698027
W4393936599,S134668137
W2195506630,S2298632
W2963919031,S30698027
W861925310,S4306525036
W2117486996,S127827428
W2419559816,S13479253
W2164104048,S98183460
W3010537688,S13479253
W1979432452,S414566
W2300061772,S113170167
W4312312588,S4363607701
W935072310,S62969111
W2926010705,S2597340651
W3134482219,S81160022
W2334483166,S181332294
W2103706175,S127827428
W2753953057,S64187185
W2021560851,S106963461
W2160979370,S52395412
W1982675899,S192650101
W2145039203,S144771191
W2556013418,S58031724
W2052982604,S113611870
W1969198379,S30698027
W3200733355,S43295729
W4220842087,S68497187
W2951837249,S196734849
W2095483845,S186357190
W2259538443,S91767247
W3116202926,S180838163
W2108898839,S87725633
W1979061792,S117411352
W4312473433,S106296714
W2132949918,S167961193
W2203543769,S4210191458
W3016208458,S105637730
W2592774827,S21165490
W7682646,S106296714
W2127414816,S2485537415
W2062112832,S414566
W1963489908,S184777250
W1986849266,S202381698
W2626972740,S58516903
W2802187397,S30698027
W2401246392,S68686220
W2532521045,S2480266640
W2808904300,S48031226
W1655403841,S2491948244
W2063149790,S192650101
W2140321362,S199944782
W2778363563,S2484288132
W2072055974,S164566984
W1989944970,S134177497
W2008602421,S13619737
W2020089616,S98455728
W2963213486,S68686220
W2291593693,S116571295
W2056748234,S4210226185
W2039791408,S151820558
W2896784509,S815301
W2142720090,S13144211
W3204875639,S4363607764
W2313931749,S84695101
W2997365797,S172073041
W1982397092,S131231701
W2022749020,S131231701
W3040685212,S116571295
W2026562765,S4394735545
W2024820182,S68497187
W1969150846,S128368299
W2977072935,S11622463
W2227395312,S81160022
W2017846705,S192650101
W2804395012,S68497187
W2588941434,S184777250
W2038681300,S7858788
W2163150789,S144771191
W2585226541,S4210226185
W2517850251,S97130795
W2145773134,S199944782
W2056227828,S29243050
W4399430129,S2898305631
W2114538147,S30698027
W3210458411,S123019304
W3176694003,S4210169448
W2762294195,S117727964
W2947877009,S127827428
W421662763,S118216261
W2102999520,S106296714
W2061798849,S13144211
W1860884375,S164566984
W4382655263,S2497375143
W2019863495,S199944782
W3108202858,S2491400915
W2000264668,S19032547
W2060093109,S134177497
W2587299461,S2898150413
W3008497156,S12529635
W2903799441,S8351582
W2227178360,S134668137
W2952522777,S52395412
W2051549110,S4210191458
W1971014006,S4210191041
W2905471643,S4210191458
W3125675327,S2486411021
W3120227884,S61310614
W2802925146,S4393917359
W2337881469,S4210222834
W2915004230,S111326731
W2148145769,S52395412
W3096068180,S106296714
W2906305053,S172073041
W2950722229,S53142634
W3194836374,S4363608783
W4312183515,S147897268
W2614935527,S134668137
W2541577353,S172073041
W4390490761,S2492086750
W4406800520,S4210218743
W4401386967,S4210169774
W4388922836,S4210237014
W4402901320,S4210206302
W4409695426,S203256638
W4388708748,S33876618
W4386110374,S2531685872
W4400606525,S4394735545
W4389267014,S4210195431
W4403753254,S4210231404
W4407881031,S157921468
W4406241919,S4210198061
W4392362609,S196734849
W4402582321,S4387280558
W4399442007,S184645833
W4408411093,S4210195431
W4402467765,S2764830010
W4391032878,S2486411021
W4391225179,S129839026
W4403778769,S106296714
W4406828533,S157921468
W4388744821,S4210172589
W4416296080,S157921468
W4404641323,S64187185
W4396877721,S4210209078
W4392616472,S2729999759
W4322766882,S2912241403
W4401065398,S60115552
W4390577395,S4306542128
W4385848430,S4306400194
W4403056940,S4210220735
W4392543779,S59604973
W4402169037,S157921468
W4403221502,S2492086750
W4405367158,S4210198061
W4393949386,S112809824
W4388975763,S37151855
W4366447635,S142026636
W4392405493,S84775595
W4401515033,S100649693
W4385638369,S4210194376
W4400209938,S4210191137
W4409091111,S4210178142
W4411735779,S157921468
W4411900553,S2912241403
W4409156407,S112141509
W4403007658,S142627899
W4392449489,S133795288
W4414008559,S158797327
W4406829669,S4210195431
W4404608635,S23688054
W4415070954,S4210198061
W4400942383,S2898462621
W4403929549,S116775814
W4404113537,S4210178498
W4410964376,S157921468
W4402043038,S4210226185
W4407194361,S4210198061
W4401352024,S4210226185
W4406015426,S196734849
W4406324010,S142627899
W4414065237,S4210228084
W4400493343,S19610489
W4393147046,S4210191458
W4389573032,S4389157821
W4403878024,S106296714
W4404708476,S2495854775
W4403600564,S2495854775
W4417147545,S4387289164
W4402897562,S2764346689
W4409365576,S4210191458
W4405022259,S186584794
W4391596770,S188336720
W4406087634,S4210236180
W4414563742,S42468263
W4403982217,S17147534
W4411665971,S2764830010
W4400216594,S2764478331
W4405500989,S4210185134
W4397003497,S4389157821
W4404536559,S106296714
W4405783533,S4210186228
W4393114551,S4210189857
W4393156546,S4210191458
W4392156151,S4210216867
W4399864536,S116571295
W4406874718,S4306542128
W4403606691,S13479253
W4391069894,S2497375143
W4396498719,S129839026
W4405016591,S184645833
W4388718403,S4210172589
W4408665284,S13144211
W4400727220,S79587146
W4404601423,S106296714
W4398138749,S28082686
W4402277737,S109565702
W4408781722,S4210193350
W4412589540,S203256638
W4400448985,S4210206302
W4396919460,S4210219751
W4393160233,S4210191458
W4412352442,S17147534
W4399282423,S4210206302
W4403674467,S146764194
W4393236964,S4210206740
W4411892026,S64187185
W4416432328,S109565702
W4411080230,S137445289
W4393161039,S4210191458
W4412654797,S91767247
W4393160590,S4210191458
W4415604498,S4210231404
W4403095656,S173178594
W4388221277,S47508943
W4407892286,S104597489
W4405429486,S2480266640
W4407450191,S2485537415
W4313061809,S2764507669
W4365809852,S4306521130
W4386756104,S10134376
W4210443007,S4306521130
W7147029895,S97403527
W7135228880,S186584794
W4394775619,S4210196034
W4416945443,S4210219776
W4303453208,S235346
W4380997614,S4210198237
W4405849411,S4210238442
W2799250073,S4306400194
W4415236390,S196280712
W3122473029,S4306401271
W7131887050,S174847851
W1523806484,S2809516038
W4415641313,S147767848
W7139062481,S133795288
W3157152880,S4306525036
W7204267787,S178916657
W7126742298,S4306401280
W7164636938,S4306401280
W7208812437,S4210228009
W7164872417,S4306401280
W7171680523,S4210228075
W7126712327,S4306401280
W7169838591,S6309402219
W4416341524,S4210173430
W7202395383,S4387280434
W4411019612,S97130795
W7161007577,S4210202905
W7155023244,S4306401280
W7171394007,S4306401280
W7161788055,S106296714
W4402325049,S4210185096
W7210278569,S4306401280
W7167888019,S168273071
W7161613172,S4306401280
W7202254168,S4210179954
W7131822897,S4210172589
W7212679585,S4210219776
W7149229666,S4210201231
W7161253078,S126013225
W7124172462,S4306400562
W7124161972,S4306400562
W7128651549,S4306401964
W4416199367,S2764900261
W7162027857,S4210179765
W7160753455,S4306530612
W7114792577,S4306401281
W4415171459,S4387284889
W4416219229,S4210177767
W7170044833,S4210238080
W7203673846,S7407055233
W7171537544,S4210238080
W7132251598,S7407055233
W7136487740,S4306400562
W7136491172,S4306400562
W4411467319,S4210172589
W7115904775,S7407050937
W7203512291,S7407055233
W7128474455,S4210225659
W4384571279,S4210198237
W4254346055,S2764572829
W4247806398,S2764572829
W4236364529,S2764572829
W4253933925,S2764572829
W4240175703,S2764572829
W4242909567,S2764572829
