company_id,name,industry,region,revenue_b,employees
V2C001,顺丰控股,物流快递,深圳,2584.09,162000
V2C002,中通快递,物流快递,上海,384.19,24000
V2C003,圆通速递,物流快递,上海,576.84,17000
V2C004,韵达股份,物流快递,上海,449.83,13000
V2C005,申通快递,物流快递,上海,409.24,12000
V2C006,京东物流,物流快递,北京,1666.1,430000
V2C007,德邦股份,物流快递,上海,369.16,68000
V2C008,菜鸟网络,物流快递,杭州,990.2,14000
V2C009,中远海控,航运物流,上海,1754.48,31232
V2C010,招商轮船,航运物流,上海,258.83,4769
V2C011,宁波港,港口物流,宁波,257.04,16790
V2C012,上港集团,港口物流,上海,372.86,12000
V2C013,青岛港,港口物流,青岛,181.67,11000
V2C014,广州港,港口物流,广州,131.94,9000
V2C015,上海机场,航空物流,上海,110.47,10472
V2C016,白云机场,航空物流,广州,68.35,8000
V2C017,中国外运,供应链,北京,1084.65,34000
V2C018,怡亚通,供应链,深圳,798.29,11000
V2C019,密尔克卫,供应链,上海,121.63,4000
V2C020,海晨股份,供应链,苏州,18.65,2500
V2C021,阿里巴巴,电商,杭州,9411.68,204891
V2C022,京东,电商,北京,10462.36,517000
V2C023,拼多多,电商,上海,2476.39,17403
V2C024,美团,本地生活,北京,2767.0,114554
V2C025,科大讯飞,人工智能,合肥,196.5,14878
V2C026,商汤科技,人工智能,上海,34.06,4062
V2C027,百度,人工智能,北京,1345.98,39800
V2C028,腾讯,互联网,深圳,6090.15,108436
V2C029,华为,通信设备,深圳,7041.74,207000
V2C030,中芯国际,芯片,上海,452.5,21619
V2C031,寒武纪,芯片,北京,11.79,1373
V2C032,澜起科技,芯片,上海,22.86,700
V2C033,比亚迪,新能源汽车,深圳,6023.15,703504
V2C034,宁德时代,新能源电池,宁德,4009.17,118068
V2C035,隆基绿能,光伏,西安,1294.98,52465
V2C036,三一重工,工程机械,长沙,740.19,25539
V2C037,中国中车,轨道交通,北京,2342.62,162731
V2C038,中国移动,通信运营,北京,10093.0,451830
V2C039,工商银行,金融,北京,8430.7,419252
V2C040,招商银行,金融,深圳,3391.23,116529
V2C041,中国平安,金融,深圳,10318.63,288751
V2C042,贵州茅台,消费品,遵义,1505.6,30060
V2C043,海尔智家,家电,青岛,2614.28,109586
V2C044,美的集团,家电,佛山,3737.1,166243