company_id,name,industry,region,revenue_b,employees,founded
C001,阿里巴巴,电商,杭州,9411.68,204891,1999
C002,腾讯,互联网,深圳,6090.15,108436,1998
C003,京东,电商,北京,10462.36,517000,1998
C004,美团,本地生活,北京,2767.00,114554,2010
C005,拼多多,电商,上海,2476.39,17403,2015
C006,比亚迪,新能源汽车,深圳,6023.15,703504,1995
C007,宁德时代,新能源,宁德,4009.17,118068,2011
C008,华为,通信,深圳,7041.74,207000,1987
C009,小米,消费电子,北京,2709.70,33627,2010
C010,顺丰控股,物流,深圳,2584.09,162000,1993
C011,中远海控,航运物流,上海,1754.48,31232,2005
C012,中国移动,通信,北京,10093.00,451830,1997
C013,工商银行,金融,北京,8430.70,419252,1984
C014,招商银行,金融,深圳,3391.23,116529,1987
C015,中国平安,金融,深圳,10318.63,288751,1988
C016,贵州茅台,消费品,遵义,1505.60,30060,1999
C017,海尔智家,家电,青岛,2614.28,109586,1984
C018,美的集团,家电,佛山,3737.10,166243,1968
C019,格力电器,家电,珠海,2050.18,72303,1991
C020,三一重工,工程机械,长沙,740.19,25539,1994
C021,中国中车,轨道交通,北京,2342.62,162731,2007
C022,科大讯飞,人工智能,合肥,196.50,14878,1999
C023,商汤科技,人工智能,上海,34.06,4062,2014
C024,寒武纪,芯片,北京,11.79,1373,2016
C025,中芯国际,芯片,上海,452.50,21619,2000
C026,隆基绿能,光伏,西安,1294.98,52465,2000
C027,通威股份,光伏,成都,1424.23,43980,1995
C028,上海机场,航空物流,上海,110.47,10472,1998
C029,宁波港,港口物流,宁波,257.04,16790,2008
C030,菜鸟网络,物流,杭州,990.20,14000,2013
